{
  "project_info": {
    "project_number": "688301202481",
    "firebase_url": "https://famfam-9602e.firebaseio.com",
    "project_id": "famfam-9602e",
    "storage_bucket": "famfam-9602e.appspot.com"
  },
  "client": [
    {
      "client_info": {
        "mobilesdk_app_id": "1:688301202481:android:6dbc2f25bba130a4",
        "android_client_info": {
          "package_name": "com.sopt.famfam"
        }
      },
      "oauth_client": [
        {
          "client_id": "688301202481-e5c0i8vmpqssuafis7tn34ioh5o48ale.apps.googleusercontent.com",
          "client_type": 3
        }
      ],
      "api_key": [
        {
          "current_key": "AIzaSyBlcyiG0TgCNnihyOHgTvKeVDZMK96mR0c"
        }
      ],
      "services": {
        "analytics_service": {
          "status": 1
        },
        "appinvite_service": {
          "status": 1,
          "other_platform_oauth_client": []
        },
        "ads_service": {
          "status": 2
        }
      }
    }
  ],
  "configuration_version": "1"
}